Cell ID,has_aggregate,cell_area,cell_mean_intensity,cell_total_intensity,cell_variance_intensity,cell_sd_intensity,aggregate_total_intensity,aggregate_mean_intensity,rest_of_cell_mean_intensity,rest_of_cell_total_intensity,rest_of_cell_variance_intensity,rest_of_cell_sd_intensity
1,False,1966,19.554425228891148,38444.0,596.4159086981224,24.4216278879628,,,,,,
2,False,2885,20.056383593298673,57862.66666666667,596.6392241255309,24.426199543226755,,,,,,
3,False,2097,11.730885391829597,24599.666666666664,197.8209170192923,14.06488240332255,,,,,,
4,False,2609,12.93369106937524,33744.0,266.39102921489786,16.32148979765321,,,,,,
5,False,3565,17.42459093034128,62118.66666666667,513.8310362398616,22.66784145523922,,,,,,
6,True,2636,17.60558927668184,46408.33333333333,474.88402035330944,21.791833799689954,149.0,49.666666666666664,17.593421884882986,139076.0,473.3982615987368,21.757717288326383
7,False,1610,15.00807453416149,24163.0,318.3868913236372,17.84339909668663,,,,,,
8,False,1700,21.55529411764706,36644.0,678.1143935409457,26.040629668672487,,,,,,
9,False,2056,18.26134889753567,37545.333333333336,539.8577667926673,23.234839504344922,,,,,,
10,False,999,13.390724057390724,13377.333333333334,256.82998402695875,16.025916012102357,,,,,,
11,False,2535,19.834582511505587,50280.666666666664,610.1780282445067,24.70178188399587,,,,,,
12,False,639,19.969744392279605,12760.666666666668,591.8718023864121,24.328415533824067,,,,,,
13,False,3263,17.172438451322915,56033.66666666667,425.83378525836827,20.63574048243407,,,,,,
14,False,1366,28.44241093216203,38852.333333333336,1284.8786991166398,35.845204687888724,,,,,,
15,False,2393,28.122579746482796,67297.33333333333,1226.9856706815845,35.02835523802944,,,,,,
16,False,1851,25.690437601296598,47553.0,979.5621938117469,31.29795830100978,,,,,,
17,True,4873,27.08447910253779,131982.66666666666,1220.3857082090683,34.93401935376272,173.0,57.666666666666664,27.07820197044335,395775.0,1219.515846684988,34.92156707086593
18,False,1621,23.42607443964631,37973.66666666667,824.5735500228362,28.715388731877482,,,,,,
19,False,1475,15.19819209039548,22417.333333333332,326.04908147722557,18.05682921991637,,,,,,
20,False,4372,27.91087221713937,122026.33333333333,1230.242666180378,35.074815269369246,,,,,,
21,False,2451,32.11315109479124,78709.33333333333,1597.0966759539142,39.96369197101181,,,,,,
22,False,3758,22.186712790491395,83377.66666666666,921.684049102006,30.359249811252024,,,,,,
23,False,2680,18.48818407960199,49548.33333333333,501.26030814521926,22.388843385606574,,,,,,
24,False,812,12.289819376026273,9979.333333333334,214.13193247969028,14.633247502850837,,,,,,
25,False,3901,23.36383833205161,91142.33333333333,908.0193776281403,30.133359879511286,,,,,,
26,False,5048,15.890847860538827,80217.0,377.32042865250065,19.42473754397986,,,,,,
27,True,5614,17.643332145825912,99049.66666666667,480.28883126706904,21.915492950583364,114.0,38.0,17.63970544569155,297035.0,479.95231860199596,21.907814099129013
28,False,4075,20.926380368098158,85275.0,670.1976067346657,25.88817503677433,,,,,,
29,False,5024,22.97823779193206,115442.66666666667,864.5673342619262,29.40352588146405,,,,,,
30,False,3799,14.52987628323243,55199.0,317.4641640015407,17.817524070463346,,,,,,
31,True,2860,18.785081585081585,53725.333333333336,557.9125513336702,23.620172550886885,132.0,44.0,18.77626209630407,161044.0,556.9636990745959,23.600078370094366
32,False,4434,26.012328973086753,115338.66666666666,1193.1850832993846,34.54251124772755,,,,,,
33,False,4134,11.754716981132075,48594.0,207.40927665349164,14.40171089327555,,,,,,
34,False,5404,21.474154946952876,116046.33333333334,681.1867857712048,26.099555279184447,,,,,,
35,False,3041,25.50564507289269,77562.66666666667,1102.0498146748598,33.197135639612945,,,,,,
36,False,2380,14.410364145658264,34296.666666666664,295.99070490941466,17.204380398881405,,,,,,
37,True,6227,13.957925164605749,86916.0,329.92071779772925,18.163719822705072,171.0,57.0,13.951011885640861,260577.0,328.9697063858744,18.137522057488294
38,False,4322,24.32322998611754,105125.0,1059.367603202852,32.54792778661726,,,,,,
39,False,2330,24.026609442060085,55982.0,907.5560873596247,30.125671566948093,,,,,,
40,True,2056,29.546530479896237,60747.666666666664,1328.6615832931695,36.45081046140359,167.0,55.666666666666664,29.5338199513382,182076.0,1326.913900817542,36.42682940934528
41,False,4386,23.674190606475147,103835.0,956.924931990421,30.934203270658532,,,,,,
42,False,2581,24.491411597572,63212.333333333336,979.8139195236005,31.30197948251197,,,,,,
43,False,3932,13.506103763987792,53106.0,310.30269248295974,17.615410653259257,,,,,,
44,True,2111,21.81446391915364,46050.33333333333,750.7208266390345,27.39928514832156,149.0,49.666666666666664,21.801263823064772,138002.0,749.1156382131778,27.369976949445498
45,False,4510,25.410643015521064,114602.0,927.7006997343508,30.45817952101456,,,,,,
46,False,4226,22.27890834516485,94150.66666666666,761.1408566092048,27.588781354188242,,,,,,
47,True,6406,14.126131751482985,90492.0,286.21231432169867,16.917810565250416,91.0,30.333333333333332,14.12360135310955,271385.0,286.02026785253,16.912133746293815
48,False,2490,10.326372155287817,25712.666666666664,155.51382927515505,12.4705184044271,,,,,,
49,False,3544,13.93331452219714,49379.666666666664,339.93639202372447,18.437364020480924,,,,,,
50,True,4116,29.48598963394882,121364.33333333334,1389.9444911084122,37.281959324965904,168.0,56.0,29.479546375050628,363925.0,1389.066754593738,37.27018586744287
51,False,3622,9.867476532302595,35740.0,143.07354741455143,11.961335519688069,,,,,,
52,False,3037,13.649324991768193,41453.0,304.2114579462956,17.441658692518196,,,,,,
53,False,4096,24.359293619791668,99775.66666666667,930.3582941624851,30.501775262474233,,,,,,
54,False,1202,14.625069328896284,17579.333333333332,303.99919404677416,17.43557266185353,,,,,,
55,False,3327,20.605851117122533,68555.66666666667,678.9082675377979,26.055868197736146,,,,,,
56,False,6193,9.87109101673933,61131.66666666667,154.59025044324727,12.433432769884883,,,,,,
57,False,5786,29.03157045742597,167976.66666666666,1447.1363463180858,38.04124533079965,,,,,,
58,False,3187,20.503503817592303,65344.66666666667,605.5172191844065,24.60725948138895,,,,,,
59,True,4938,20.258134197380855,100034.66666666666,670.0352973423259,25.885040029760933,192.0,64.0,20.24927418810344,299912.0,668.6489554856203,25.858247339787365
60,True,2317,18.501942166594734,42869.0,543.0377965444902,23.303171383837228,138.0,46.0,18.49006908462867,128469.0,541.710465568054,23.274674338603624
61,False,4362,15.132125936114932,66006.33333333333,369.6101600379381,19.22524798378263,,,,,,
62,False,4403,26.445226739344385,116438.33333333333,1093.4988736123794,33.068094496241834,,,,,,
63,False,3960,11.063131313131313,43810.0,208.5710986123865,14.441990811947862,,,,,,
64,False,1725,20.39381642512077,35179.33333333333,603.2300293962519,24.56074162960581,,,,,,
65,False,3355,17.94227521112767,60196.33333333333,504.0082922898823,22.450129003858358,,,,,,
66,False,5523,17.7145271289758,97837.33333333334,472.292094472814,21.732282311639842,,,,,,
67,False,5521,22.898629475336595,126423.33333333334,829.3898930682299,28.79913007485174,,,,,,
68,False,1816,17.097283406754773,31048.666666666668,409.4306974659362,20.234393923859844,,,,,,
69,False,5494,15.36336609634753,84406.33333333333,357.2917607358921,18.902162858675513,,,,,,
70,False,1810,8.301289134438306,15025.333333333334,102.04992467330736,10.101976275625843,,,,,,
71,False,3829,31.271698441716723,119739.33333333333,1758.8154460836945,41.93823370247839,,,,,,
72,False,4523,23.780381752524136,107558.66666666667,1012.630815654987,31.821860656708733,,,,,,
73,False,2113,18.39596150812431,38870.666666666664,522.5859183805975,22.86013819688318,,,,,,
74,False,3365,28.937493808816246,97374.66666666667,1397.5749934218288,37.38415430930368,,,,,,
75,True,4873,15.30959709966482,74603.66666666667,445.46403745310323,21.106018986372188,172.0,57.333333333333336,15.300971538040503,223639.0,444.27743747975927,21.077889777673647
76,True,3698,17.43879574544799,64488.66666666667,497.2037085191237,22.29806512949327,164.0,54.666666666666664,17.42872599404923,193302.0,495.86587394268287,22.268046028843276
77,False,5062,21.986895825102067,111297.66666666666,715.5829311384956,26.75038188771322,,,,,,
78,True,3477,34.781900105454895,120936.66666666667,2031.0774444195101,45.06747657035515,222.0,74.0,34.770617568085925,362588.0,2029.0781853876933,45.04529037965782
79,False,3610,16.07313019390582,58024.00000000001,377.14312842903297,19.420173233754454,,,,,,
80,False,4814,19.418570835064397,93481.00000000001,595.7280667014288,24.407541185081072,,,,,,
81,False,5364,16.045488441461597,86068.0,426.35624549222274,20.648395712311956,,,,,,
82,True,1549,29.536475145255004,45752.0,1324.7358656042347,36.39692110061282,151.0,50.333333333333336,29.523040482342807,137105.0,1323.069882572866,36.374027582505434
83,False,6103,16.075263531596484,98107.33333333334,374.0781193322115,19.341099227608847,,,,,,
84,False,4662,26.071428571428573,121545.0,1140.6747921390781,33.77387736312013,,,,,,
85,False,2659,23.856838410429987,63435.333333333336,907.6560748984218,30.12733102846022,,,,,,
86,False,2355,20.22972399150743,47641.0,612.9305248353551,24.757433728788513,,,,,,
87,False,2213,10.686398553999096,23649.0,179.91249913984427,13.41314650407742,,,,,,
88,False,1182,19.94303440496334,23572.666666666664,571.8518028623246,23.913423068693543,,,,,,
89,False,2850,17.683508771929823,50397.99999999999,452.51340055401675,21.272362364204326,,,,,,
90,False,4014,17.473592426507224,70139.0,469.17024600495176,21.66033808611841,,,,,,
91,True,3822,21.00662829234258,80287.33333333334,715.4545173774447,26.747981557071643,181.0,60.333333333333336,20.99633603768647,240681.0,713.9418866015513,26.719690990008687
92,False,2666,11.92223055763941,31784.666666666664,208.43631250398246,14.437323592133774,,,,,,
93,True,4065,18.229848298482985,74104.33333333333,534.0166244542315,23.108799719029793,157.0,52.333333333333336,18.221456692913385,222156.0,532.9440671693843,23.085581369534196
94,False,2166,17.112034472145275,37064.666666666664,413.9714433524589,20.3462881959452,,,,,,
95,False,540,12.852469135802469,6940.333333333333,235.9195926688005,15.359674237066374,,,,,,
96,False,1461,15.439881359799225,22557.666666666668,335.1028767370083,18.30581538028307,,,,,,
97,True,3161,20.52029948328588,64864.666666666664,671.2880778603254,25.90922765850664,149.0,49.666666666666664,20.51107594936709,194445.0,670.1678098127971,25.887599537477342
98,True,5014,21.8959579843106,109786.33333333334,789.8299544106799,28.103913507031006,181.0,60.333333333333336,21.888290444843406,329178.0,788.7056538298648,28.083903821047826
99,True,3937,18.01261535856405,70915.66666666667,555.8460012117158,23.57638651727011,180.0,60.0,18.00194783197832,212567.0,554.2986920054086,23.54354884050849
100,False,3494,15.569166189658462,54398.666666666664,401.43334807407916,20.0358016578843,,,,,,
101,False,5351,18.466018812682986,98811.66666666666,529.561746294295,23.01220863572845,,,,,,
102,True,5689,16.912052498974628,96212.66666666666,456.4137218492389,21.363841458156323,118.0,39.333333333333336,16.90811064228786,288520.0,456.03222676319194,21.35491106896004
103,False,4662,20.19169169169169,94133.66666666666,678.3798852119673,26.04572681289519,,,,,,
104,False,2391,14.906454760908964,35641.333333333336,345.0988751072871,18.576837058748378,,,,,,
105,False,3791,21.099621911544887,79988.66666666667,637.9775018354189,25.25821652127123,,,,,,
106,False,4451,20.760203699543172,92403.66666666666,633.8458902303556,25.1762961976212,,,,,,
107,False,1973,12.541476600777159,24744.333333333336,229.2521654831068,15.141075440110152,,,,,,
108,False,2826,20.02630337343713,56594.33333333333,606.9454039098518,24.636261971124025,,,,,,
109,False,2754,23.03836843379327,63447.666666666664,823.5437953530002,28.69745276767609,,,,,,
110,False,4294,19.776432231020028,84920.0,564.4934113356109,23.759070085666462,,,,,,
111,False,4297,28.29361570087658,121577.66666666666,1390.0939930627708,37.283964288454776,,,,,,
112,False,4468,19.496568188600417,87110.66666666666,623.0897375512292,24.961765513505433,,,,,,
113,False,3977,24.761461738328723,98476.33333333333,999.014929185088,31.607197426932494,,,,,,
114,False,4690,14.941222459132907,70074.33333333334,377.11417135562914,19.419427678374795,,,,,,
115,False,5279,24.145924101786953,127466.33333333333,921.9974597083266,30.364411071323723,,,,,,
116,True,4636,17.178817946505607,79641.0,511.90036524065584,22.625215252913193,183.0,61.0,17.169363538295578,238740.0,510.50026241404623,22.59425286248798
117,True,4191,20.21609798775153,84725.66666666667,671.792401317687,25.918958337820737,175.0,58.333333333333336,20.20700079554495,254002.0,670.4962119276048,25.893941606630783
118,False,525,16.653333333333332,8743.0,418.3649015873016,20.453970313543078,,,,,,
119,False,776,17.924398625429554,13909.333333333334,450.90150092700844,21.2344413848589,,,,,,
120,False,4486,18.95682865210284,85040.33333333334,588.121705858736,24.251220708631063,,,,,,
121,False,2559,17.111501888758628,43788.33333333333,425.6650455103845,20.631651545874472,,,,,,
122,False,3072,13.867513020833334,42601.0,293.171357790629,17.122247451506738,,,,,,
123,False,3022,11.382528127068166,34398.0,205.7671952851674,14.344587665219498,,,,,,
124,True,2205,19.699622071050644,43437.66666666667,597.93925155785,24.45279639546058,117.0,39.0,19.690865093768906,130196.0,597.0974180658898,24.435576892430632
125,False,2863,20.855512865292816,59709.333333333336,720.1271034422898,26.835184058289776,,,,,,
126,False,4203,17.16670632088191,72151.66666666667,448.13669468740625,21.169239350704274,,,,,,
127,False,5934,18.420514548927088,109307.33333333334,519.8511418990412,22.800244338582015,,,,,,
128,False,3224,17.88544251447477,57662.666666666664,450.59667807134394,21.227262613708437,,,,,,
129,False,1139,10.693005560433129,12179.333333333334,166.23908774740838,12.893373792278279,,,,,,
130,True,5139,19.02873451384835,97788.66666666667,577.4707316994464,24.030620709824507,128.0,42.666666666666664,19.024133904242895,293238.0,576.985663824291,24.02052588567309
131,False,3756,30.736421725239616,115446.0,1615.7716695530676,40.19666241807978,,,,,,
132,False,2960,10.90259009009009,32271.666666666668,174.02260590404592,13.191762805025185,,,,,,
133,False,3866,16.627004655975167,64279.99999999999,396.10333006912816,19.902344838463836,,,,,,
134,False,1278,15.811424100156495,20207.0,376.81029202514685,19.411601995331218,,,,,,
135,True,4296,20.235955927995033,86933.66666666666,655.8027202066238,25.608645419206066,203.0,67.66666666666667,20.224912689173458,260598.0,653.9900817250117,25.57322978673229
136,True,2822,25.941412709662178,73206.66666666667,1025.5992134070393,32.02497796107031,174.0,58.0,25.93004844617748,219446.0,1023.9726561125057,31.99957274890566
137,True,2730,21.48229548229548,58646.666666666664,728.3864386868049,26.988635361700023,143.0,47.666666666666664,21.472700622938806,175797.0,727.2601256368911,26.967760856936028
138,False,2229,13.8525497233438,30877.333333333332,292.81211515286634,17.111753713540477,,,,,,
139,False,3429,32.089822105570136,110036.0,1635.0670753742054,40.43596264928294,,,,,,
140,False,3378,16.578843497138347,56003.333333333336,449.9564341864797,21.212176554669718,,,,,,
141,False,4975,15.113634840871022,75190.33333333333,357.9586784127224,18.91979594003916,,,,,,
142,False,1312,17.270325203252032,22658.666666666664,426.4396275365193,20.65041470616315,,,,,,
143,False,2859,8.418911041156582,24069.666666666668,106.09442143279983,10.300214630423962,,,,,,
144,False,4068,22.11946902654867,89982.0,814.9978543231148,28.548167267324093,,,,,,
145,False,2988,15.758478357875948,47086.33333333333,404.3777449402947,20.10914580334766,,,,,,
146,False,3780,23.33042328042328,88189.0,904.4471696621034,30.07402815823154,,,,,,
147,True,3257,21.109200695936956,68752.66666666667,725.0797751363664,26.927305382016343,162.0,54.0,21.0990990990991,206096.0,723.760449638828,26.902796316346524
148,False,1435,10.688269454123112,15337.666666666666,164.83848028047228,12.838943892722341,,,,,,
149,False,2691,14.479747305834263,38965.0,299.79151971813496,17.314488722400526,,,,,,
150,False,3577,16.343118069145465,58459.33333333333,384.60801782400586,19.611425695854084,,,,,,
151,False,3572,16.579507278835386,59222.0,392.3885087531199,19.80879877107948,,,,,,
152,False,3545,28.08443817583451,99559.33333333334,1129.910312601608,33.614138581876645,,,,,,
153,False,3776,22.09807556497175,83442.33333333333,740.6461897993746,27.2148156304498,,,,,,
154,False,3792,19.948839662447256,75646.0,604.4861308617743,24.5862996577723,,,,,,
155,False,2282,18.370581361378907,41921.666666666664,483.74858823929037,21.994285354138935,,,,,,
156,False,877,19.145952109464083,16791.0,589.1858435537689,24.27315067216798,,,,,,
157,True,2533,24.441373864982236,61910.0,974.7389961911895,31.220810306447678,144.0,48.0,24.432069510268562,185586.0,973.6532316834252,31.20341698730165
158,False,4936,24.567058346839545,121263.0,970.2113324595886,31.14821555819191,,,,,,
159,False,4589,18.596644149052082,85340.0,582.7473788740964,24.140161119472594,,,,,,
160,False,3368,18.77454473475851,63232.666666666664,533.6524557507701,23.100918937366323,,,,,,
161,False,3998,26.288727697181923,105102.33333333333,982.5987273624028,31.346430855240964,,,,,,
162,True,5333,19.162385149071817,102193.0,617.5379788350966,24.850311443422527,180.0,60.0,19.154726181545385,306399.0,616.4252346024427,24.8279124092712
163,False,4630,19.25860331173506,89167.33333333333,636.9864000651006,25.23858950228995,,,,,,
164,True,5157,16.297976859931484,84048.66666666667,459.4312149619105,21.434346618497855,159.0,53.0,16.29085854667701,251987.0,458.51334544857116,21.412924728970847
165,False,4941,24.27679956823855,119951.66666666667,927.4350193194035,30.453817811883678,,,,,,
166,True,3706,24.02500449721173,89036.66666666667,903.3060846150184,30.055050900223385,173.0,57.666666666666664,24.01592442645074,266937.0,902.0235880680627,30.033707531173416
167,False,4206,26.982960849579964,113490.33333333333,1256.4058754622492,35.44581605016661,,,,,,
168,False,3355,21.074813710879283,70706.0,674.2854113537712,25.967006206988344,,,,,,
169,False,2172,18.209944751381215,39552.0,480.38348612340553,21.917652386225253,,,,,,
170,False,2974,14.810468504819546,44046.33333333333,309.475734391577,17.591922418871025,,,,,,
171,False,3988,30.673269809428284,122325.0,1450.0270655035984,38.07922091513426,,,,,,
172,False,4197,24.165753315860535,101423.66666666666,922.1825965236914,30.367459500651208,,,,,,
173,False,3724,14.165234514858575,52751.333333333336,285.86725537822866,16.90760939276244,,,,,,
174,False,4239,19.733506330109304,83650.33333333334,611.4880752498813,24.728284923339938,,,,,,
175,False,864,13.440200617283951,11612.333333333334,257.4671030461725,16.045781471968652,,,,,,
176,False,3615,21.76339326878746,78674.66666666667,796.6446166092862,28.224893562408454,,,,,,
177,False,3497,16.993232294347536,59425.33333333333,454.77652459183093,21.325490019969784,,,,,,
178,False,5688,19.125820440693857,108787.66666666666,516.849792751631,22.734330708240147,,,,,,
179,False,1530,12.877342047930282,19702.333333333332,247.44922517929948,15.730518910045513,,,,,,
180,False,6578,17.687544339718254,116348.66666666667,521.2648929967925,22.83122627010631,,,,,,
181,False,2576,24.10546066252588,62095.666666666664,815.2007051708129,28.55171982859899,,,,,,
182,False,4481,20.62062039723276,92401.0,648.1366632467372,25.458528300880573,,,,,,
183,False,4421,28.53645479906507,126159.66666666667,1477.9945807211527,38.44469509205597,,,,,,
184,False,2267,13.26569622114395,30073.333333333332,263.0805597600931,16.219758313861927,,,,,,
185,False,4499,19.30762391642587,86865.0,603.821348855227,24.57277658009422,,,,,,
186,False,769,13.611616818378847,10467.333333333334,262.56870770232655,16.20397197301719,,,,,,
187,True,3140,24.429299363057325,76708.0,913.4997784899995,30.224158854962358,144.0,48.0,24.421790379101626,229980.0,912.6042952760124,30.209341192353275
188,False,6128,15.23569408181027,93364.33333333333,343.810690684482,18.54213285154871,,,,,,
189,False,3262,13.59319435928878,44341.0,266.19165202782835,16.315380842255212,,,,,,
190,False,4577,22.638919233850412,103618.33333333334,785.4936830210057,28.026660218816758,,,,,,
191,False,4812,22.029717373233584,106007.00000000001,781.1242900558939,27.94860086043475,,,,,,
192,False,2695,18.15621521335807,48931.0,464.4808534552293,21.551817868923013,,,,,,
193,False,4967,29.331924031944165,145691.66666666666,1415.5044831714652,37.623190762765795,,,,,,
194,False,4453,25.168276068568005,112074.33333333333,1041.1822528181642,32.26735583865161,,,,,,
195,False,4685,22.765421558164356,106656.0,851.1557164622745,29.17457311533923,,,,,,
196,False,3680,17.159692028985507,63147.666666666664,463.28491512254516,21.524054337474276,,,,,,
197,False,4337,21.152025209438168,91736.33333333333,667.4574816797889,25.835198502813732,,,,,,
198,False,4763,29.17726922807754,138971.33333333334,1327.4839370876396,36.43465297059435,,,,,,
199,False,3804,18.76664914125482,71388.33333333334,495.5213447829618,22.26030873062999,,,,,,
200,False,1431,18.994409503843467,27181.000000000004,505.99437825019606,22.49431879942569,,,,,,
201,False,2949,15.29117214875099,45093.66666666667,341.1524743466506,18.470313325622026,,,,,,
202,False,2845,17.535325131810193,49888.0,464.45730515205145,21.55127154374079,,,,,,
203,True,2600,19.812435897435897,51512.33333333333,578.8923838099934,24.06018253899985,127.0,42.333333333333336,19.803770681031168,154410.0,577.9717544109244,24.04104312235483
204,False,3004,23.791833111407012,71470.66666666667,840.0880469282066,28.984272406396656,,,,,,
205,False,3116,18.037227214377406,56204.0,463.98534926501884,21.540319154205186,,,,,,
206,False,4274,31.49703634378412,134618.33333333334,1712.2446878319342,41.37927848370406,,,,,,
207,True,3812,24.345400489681708,92804.66666666667,851.755130121175,29.18484418531603,136.0,45.333333333333336,24.3398932913496,278278.0,851.1203686407607,29.17396731061377
208,False,3574,14.448890132437977,51640.33333333333,299.6182141198075,17.30948335796905,,,,,,
209,False,1001,16.96803196803197,16985.0,405.2257512717053,20.130219851549196,,,,,,
210,False,3806,20.21317218427045,76931.33333333334,569.5252354968896,23.86472785298189,,,,,,
211,True,4647,16.757334481027186,77871.33333333333,477.7377564413826,21.85721291568032,199.0,66.33333333333333,16.746663796814463,233415.0,476.0199791839972,21.817882096665507
212,False,666,22.657157157157158,15089.666666666668,732.9320083346608,27.07271704751226,,,,,,
213,False,627,17.738437001594896,11122.0,470.8544981418313,21.699181969416067,,,,,,
214,True,3783,19.43730725174024,73531.33333333333,610.5948228134298,24.71021697220463,111.0,37.0,19.43266349374229,220483.0,610.1753089114418,24.70172684067739
215,True,3847,27.35196256823499,105223.0,1203.5406228271231,34.69208299925393,164.0,54.666666666666664,27.34486046108511,315505.0,1202.604680206738,34.67859109316205
216,False,2579,19.34703373400543,49896.0,569.3200483939763,23.860428503989116,,,,,,
217,False,3234,24.253246753246753,78435.0,890.6857114746724,29.844358117987266,,,,,,
218,False,3240,16.64156378600823,53918.666666666664,458.142922657454,21.404273467171315,,,,,,
219,False,4613,26.815665871811547,123700.66666666667,1175.5192400924195,34.28584606061836,,,,,,
220,False,3961,32.71766388959017,129594.66666666667,1889.528213611847,43.46870384094569,,,,,,
221,False,2609,19.924875431199695,51984.0,601.849984253679,24.532631009610018,,,,,,
222,True,3408,21.78501564945227,74243.33333333333,719.2906361891135,26.819594258472918,138.0,46.0,21.777908228157713,222592.0,718.4899571155383,26.804662973362273
223,True,2907,19.99162940029813,58115.666666666664,648.1901604112168,25.459578951962595,132.0,44.0,19.983367744895617,174215.0,647.3081656713707,25.442251584153684
224,False,5317,35.70352955927528,189835.6666666667,2282.707353224614,47.77768677138538,,,,,,
225,False,3539,17.940096072336818,63490.0,511.3250354245085,22.61249732834718,,,,,,
226,False,2119,18.895705521472394,40040.0,497.4210874250017,22.302938986263708,,,,,,
227,False,5239,23.39250493096647,122553.33333333334,796.4774217141227,28.221931573053652,,,,,,
228,False,5153,19.56510770424995,100819.0,588.867664085366,24.266595642680617,,,,,,
229,False,1850,26.168108108108108,48411.0,1105.7575054297542,33.252932283179994,,,,,,
230,False,2050,26.87642276422764,55096.666666666664,1096.195785577368,33.108847542271356,,,,,,
231,False,4056,24.187458908612754,98104.33333333333,862.5568216822364,29.369317691806128,,,,,,
232,False,775,10.275268817204301,7963.333333333333,152.72164643311368,12.35805997853683,,,,,,
233,False,1782,25.153011597456043,44822.66666666667,932.464054716289,30.536274407928172,,,,,,
234,False,1286,10.116122343182996,13009.333333333332,148.89631342411977,12.202307708958982,,,,,,
235,False,3617,30.096580960280157,108859.33333333333,1533.578175574014,39.16092664345437,,,,,,
236,False,1906,34.164393144456106,65117.333333333336,1784.2202641560352,42.24003153592614,,,,,,
237,True,3780,21.15273368606702,79957.33333333333,752.4650322095,27.431096081081048,140.0,46.666666666666664,21.14598218223516,239732.0,751.7081590798624,27.417296713568653
238,False,5975,24.188953974895398,144529.0,868.9123019741718,29.477318432553727,,,,,,
239,True,5105,19.77616715638263,100957.33333333333,666.1963239315756,25.81077921976738,223.0,74.33333333333333,19.765478056426332,302649.0,664.2696467934056,25.773429084881307
240,False,3452,18.038914638856703,62270.333333333336,532.5468634029104,23.07697691212847,,,,,,
241,False,5008,26.652489350372736,133475.66666666666,1110.622513771186,33.326003567352416,,,,,,
242,True,5370,26.101800124146493,140166.66666666666,1036.276290986741,32.19124556438817,152.0,50.666666666666664,26.097224809089216,420348.0,1035.700114605387,32.18229504875914
243,True,3109,23.985740323791145,74571.66666666667,873.1668385829381,29.549396585766996,142.0,47.333333333333336,23.97822822822823,223573.0,872.2864200268478,29.534495425296296
244,True,5103,21.739564961787185,110937.0,766.8319710956068,27.691731096043938,148.0,49.333333333333336,21.734156539918985,332663.0,766.1847172978526,27.680041858672332
245,False,2468,20.84670448406267,51449.66666666667,610.1822001066195,24.701866328409672,,,,,,
246,True,5455,21.796700274977084,118901.0,786.0351128515031,28.03631774772684,179.0,59.666666666666664,21.789756753453123,356524.0,785.0329277124973,28.018439066309483
247,False,5135,18.38299253489127,94396.66666666667,513.6970038327908,22.664884818432032,,,,,,
248,False,3888,35.52151920438958,138107.6666666667,2085.4534120953103,45.6667648525195,,,,,,
249,False,3399,32.192899872511525,109423.66666666667,1734.7480205894642,41.650306368494626,,,,,,
250,False,4638,38.370562023860856,177962.66666666666,2336.722105951198,48.33965355638369,,,,,,
251,False,4288,43.33045708955224,185801.0,2703.0953223656966,51.991300448879876,,,,,,
252,False,3738,23.865079365079364,89207.66666666666,980.3277033243594,31.3101852968704,,,,,,
253,True,4795,22.602224539450816,108377.66666666666,817.8428869527102,28.597952495811832,182.0,60.666666666666664,22.594284522319565,324951.0,816.6652517165717,28.577355575990087
254,False,4456,23.23795631358468,103548.33333333333,840.8176287377684,28.996855497411584,,,,,,
255,False,1816,17.091042584434653,31037.333333333332,423.73767306867114,20.584889435424984,,,,,,
256,False,3810,21.35984251968504,81381.0,709.132893063564,26.629549246345945,,,,,,
257,False,3664,24.50645924308588,89791.66666666667,1008.8181897192267,31.761898396022026,,,,,,
258,False,3966,22.721970079004876,90115.33333333334,757.5607897983988,27.52382222363745,,,,,,
259,False,3631,25.474065913889653,92496.33333333333,1002.5039863784699,31.662343349450147,,,,,,
260,True,4889,26.09245244426263,127566.0,988.5097589476771,31.440575041619024,152.0,50.666666666666664,26.087424986361157,382546.0,987.8670159006741,31.430351825913025
261,True,3549,24.18728280266742,85840.66666666667,918.7779241186701,30.311349757453396,192.0,64.0,24.1760616309658,257330.0,917.0114675407336,30.282197204640447
262,False,3182,27.617955164466792,87880.33333333333,1247.6888416598376,35.322639222739824,,,,,,
263,False,4208,29.224651457541192,122977.33333333334,1464.5854632815597,38.26990283867415,,,,,,
264,True,3095,24.651373182552504,76296.0,927.1972530955221,30.449913843811153,165.0,55.0,24.641564318034906,228723.0,925.8686150060441,30.428089243428417
265,False,3763,17.477721675967757,65768.66666666667,436.314699884977,20.888147354061275,,,,,,
266,False,2900,17.970689655172414,52115.0,460.5810949266746,21.461153159293996,,,,,,
267,False,2529,16.371820218795307,41404.33333333333,407.3199018271752,20.18216791693041,,,,,,
268,False,3271,21.087638846428206,68977.66666666666,686.6139438084247,26.203319328062708,,,,,,
269,False,2861,18.970989164627753,54276.0,554.9376414193164,23.557114454434277,,,,,,
270,False,2165,17.14303310238645,37114.666666666664,410.2238833330074,20.253984381671852,,,,,,
271,False,4797,21.603919116114238,103634.0,818.9918934724377,28.618034409659195,,,,,,
272,False,2856,22.996381886087768,65677.66666666667,810.848609691698,28.475403591375102,,,,,,
273,False,2432,21.85389254385965,53148.66666666667,737.9882469095057,27.165939094931097,,,,,,
274,False,2769,12.882388347177079,35671.33333333333,243.52426789637562,15.605264108510807,,,,,,
275,False,3648,20.134594298245613,73451.0,572.7244830590903,23.931662772550727,,,,,,
276,False,4392,24.416059502125076,107235.33333333333,1115.5378841688942,33.399668923043144,,,,,,
277,False,2353,24.198045048873777,56937.99999999999,817.3238607482184,28.58887652126642,,,,,,
278,False,3818,26.81936441417845,102396.33333333333,1127.5990278481697,33.57974133087046,,,,,,
279,False,4236,27.316493547371735,115712.66666666667,1325.5035460302543,36.40746552604636,,,,,,
280,False,2068,16.687620889748548,34510.0,421.5552239336449,20.531810050106273,,,,,,
281,False,3743,19.92768723840057,74589.33333333333,588.6121009918588,24.261329332743884,,,,,,
282,False,3470,20.536311239193083,71261.0,625.6354250097585,25.01270527171658,,,,,,
283,True,4278,39.11196820944367,167321.0,2244.782772454654,47.379138578647186,273.0,91.0,39.09983633387889,501690.0,2242.040145713997,47.35018633241053
284,False,1732,34.53598922247883,59816.333333333336,1665.9669495795604,40.81625839759887,,,,,,
285,False,3195,20.64757433489828,65969.0,600.9727184249648,24.51474491861918,,,,,,
286,False,2837,23.33932557866291,66213.66666666667,800.5458850580216,28.293919577499715,,,,,,
287,False,2049,37.164145111436476,76149.33333333334,1908.4749272136908,43.68609535325503,,,,,,
288,True,5712,19.98686974789916,114165.0,663.6718047206626,25.761828442885466,165.0,55.0,19.980738924881805,342330.0,662.852486070461,25.745921736664645
289,False,2766,13.555676066522054,37495.0,267.82246055161085,16.365282171463186,,,,,,
290,False,5937,22.533434394475325,133781.0,727.3532558429112,26.969487496853016,,,,,,
291,False,3449,40.51212911955156,139726.33333333334,2321.567142920218,48.18264358584134,,,,,,
292,False,914,16.36105032822757,14953.999999999998,376.43711166121614,19.40198731215996,,,,,,
293,True,3357,25.749875881243174,86442.33333333333,1151.5957638114241,33.93517001300309,151.0,50.333333333333336,25.742550655542313,259176.0,1150.724542242666,33.92233102607582
294,False,4485,21.296395392047565,95514.33333333333,683.8051263602016,26.149667805924448,,,,,,
295,True,5997,20.92290589739314,125474.66666666666,761.378915595558,27.593095433378945,187.0,62.333333333333336,20.915999555259063,376237.0,760.3432330068933,27.574321986349787
296,False,2832,17.715866290018834,50171.333333333336,462.2989761327808,21.501138949664522,,,,,,
297,False,2340,23.297435897435896,54516.0,772.4596800350648,27.793158871115477,,,,,,
298,False,4818,23.538120935381208,113406.66666666666,830.5518538373188,28.81929655347817,,,,,,
299,False,5164,20.392460624838627,105306.66666666667,775.7572837206933,27.852419710335642,,,,,,
300,False,3539,38.77196948290477,137214.0,2267.338884630132,47.61658203430956,,,,,,
301,False,1699,15.178340200117717,25788.0,323.92248160841535,17.997846582533573,,,,,,
302,False,1256,32.26645435244161,40526.666666666664,1461.1880254326295,38.225489211161566,,,,,,
303,False,1833,32.31623931623932,59235.66666666667,1592.8014293197054,39.90991642837285,,,,,,
304,False,4716,27.872208085948543,131445.33333333334,1202.7193209089198,34.680243956883,,,,,,
305,False,3244,21.083847102342787,68396.0,622.0936683892816,24.94180563610585,,,,,,
306,False,5096,29.938383045525903,152566.0,1563.725795187656,39.543972931252824,,,,,,
307,True,2733,24.64532260031711,67355.66666666667,936.1281373486672,30.596211160022204,127.0,42.333333333333336,24.63884821864324,201940.0,935.4542448422627,30.58519649834316
308,False,3216,42.07141376451078,135301.66666666666,2542.048486309727,50.418731502386365,,,,,,
309,True,3943,20.838616958322767,82166.66666666667,710.3635911550797,26.65264698214944,158.0,52.666666666666664,20.830542871638762,246342.0,709.3260957140845,26.633176598259634
310,False,4209,34.04609170824424,143300.0,1649.4938761879941,40.61396159189589,,,,,,
311,False,4601,17.38622038687242,79994.0,466.2608171497199,21.593073360448713,,,,,,
312,False,3208,16.196072319201996,51957.0,378.7679770920268,19.461962313498265,,,,,,
313,True,5526,18.237302449028835,100779.33333333334,590.308629036405,24.296267800557455,142.0,47.333333333333336,18.232036199095024,302196.0,589.7076071661105,24.283896045859496
314,False,3804,22.672450052576234,86246.0,746.45036963692,27.32124392550456,,,,,,
315,True,4548,31.970976253298154,145404.0,1509.739116578445,38.85536149077042,181.0,60.333333333333336,31.96473865552379,436031.0,1508.8059555232976,38.843351497048985
316,False,1939,12.757607013924703,24737.0,259.46814954265665,16.10801507146851,,,,,,
317,False,5100,18.469607843137254,94195.0,494.45260572856597,22.236290287018786,,,,,,
318,True,3139,16.642348943400233,52240.33333333333,483.6412266370789,21.99184454831106,134.0,44.666666666666664,16.633418313150628,156587.0,482.6745195027282,21.969854790205787
319,True,5465,31.073010064043917,169814.0,1388.1902779477489,37.25842559673917,174.0,58.0,31.068081991215227,509268.0,1387.4723048131898,37.24878930667666
320,False,5602,20.451029394263955,114566.66666666667,613.1501366887707,24.761868602526157,,,,,,
321,False,675,23.930864197530862,16153.333333333332,806.8801585124216,28.40563603428766,,,,,,
322,False,1141,20.36897458369851,23241.0,586.925791732629,24.22655137927454,,,,,,
323,False,5281,27.06375055229439,142923.6666666667,1171.7736294857148,34.231179200923165,,,,,,
324,False,1896,12.794831223628693,24259.0,238.45351055519947,15.441939986776255,,,,,,
325,False,3918,20.40420282457036,79943.66666666666,604.9064686388008,24.594846383720327,,,,,,
326,False,2858,16.09108933986471,45988.333333333336,366.1656005628139,19.135454020294734,,,,,,
327,False,4181,21.736506417922346,90880.33333333333,752.4354742654256,27.430557308691807,,,,,,
328,False,5013,35.662943014828116,178778.33333333334,2226.5814521006823,47.18666604137955,,,,,,
329,False,4748,28.245857905082843,134111.33333333334,1237.0031596192362,35.17105570805682,,,,,,
330,True,3721,18.07336737436173,67251.0,528.7341137794856,22.994219138285292,119.0,39.666666666666664,18.067562724014337,201634.0,528.1683743464241,22.981914070556094
331,False,564,17.117021276595743,9653.999999999998,409.2345329711785,20.229546039671245,,,,,,
332,False,2331,28.676247676247677,66844.33333333333,1188.5035070411875,34.47467921592872,,,,,,
333,False,4433,24.260094743965713,107545.0,884.9837831626908,29.748676998527024,,,,,,
334,False,730,20.157077625570775,14714.666666666666,574.8182489939742,23.975367546587773,,,,,,
335,True,3289,26.68004459308807,87750.66666666666,1088.2743387838634,32.98900330085563,158.0,52.666666666666664,26.67214111922141,263094.0,1087.248145212851,32.97344606213993
336,False,2425,15.633539518900344,37911.333333333336,347.90117063331803,18.652109013012925,,,,,,
337,False,3994,25.81180103488566,103092.33333333333,932.5266742892395,30.537299721639428,,,,,,
338,False,1071,19.57983193277311,20970.0,534.4216536287719,23.117561584837876,,,,,,
339,True,4907,22.589430065892262,110846.33333333333,851.5019710154376,29.18050669565965,159.0,53.0,22.583231417312135,332380.0,850.7033252829049,29.16681890921437
340,False,3957,30.46483025861343,120549.33333333334,1446.8884733074697,38.03798724048723,,,,,,
341,True,4918,17.224684831232207,84710.99999999999,509.392176344345,22.569718127268338,120.0,40.0,17.220052877771,254013.0,508.94066221671454,22.559713256526877
342,True,3052,23.55253385757973,71882.33333333333,845.1399881186659,29.071291476621155,149.0,49.666666666666664,23.543974653119196,215498.0,844.0916147931957,29.053254805498053
343,True,5161,20.793773816443842,107316.66666666667,796.0502822318612,28.214363048487577,182.0,60.666666666666664,20.78604651162791,321768.0,794.9246373415058,28.194407909042987
344,True,2856,31.716853408029877,90583.33333333333,1621.6744965415357,40.27001982295931,167.0,55.666666666666664,31.708464681844717,271583.0,1620.5572721903754,40.256145769191264
345,False,3784,27.607381959126144,104466.33333333333,1106.1383986426908,33.25865900247168,,,,,,
346,False,1820,17.304945054945055,31495.0,423.05444441090043,20.56828734753821,,,,,,
347,False,4482,26.55726610144281,119029.66666666667,1013.2833114013007,31.832111324907444,,,,,,
348,True,4355,25.154228855721392,109546.66666666666,958.2789306433771,30.95608067316302,165.0,55.0,25.14737406216506,328475.0,957.3488979429133,30.94105521702376
349,False,5288,19.676563287947555,104049.66666666667,545.3774234890607,23.353317183840513,,,,,,
350,False,5443,15.21642476575418,82823.0,339.4050557215889,18.42294915917614,,,,,,
351,False,2172,22.96255371393493,49874.66666666667,736.478339948772,27.13813442277807,,,,,,
352,False,5397,30.969180408869125,167140.66666666666,1505.1776679034047,38.79661928446092,,,,,,
353,True,2091,24.275785110792285,50760.666666666664,908.285810897231,30.13778045737992,175.0,58.333333333333336,24.259489633173843,152107.0,905.9404801223009,30.098845162602185
354,False,3538,33.99152063312606,120261.99999999999,1948.328739104671,44.13987697201558,,,,,,
355,False,3961,15.847934023394766,62773.666666666664,397.99227609023603,19.949743760014464,,,,,,
356,False,4198,36.10298554867397,151560.33333333334,1930.5340184010931,43.93784266894647,,,,,,
357,False,1661,17.602448324302628,29237.666666666664,438.35870963886083,20.93701768731308,,,,,,
358,False,1986,17.08694192682108,33934.666666666664,416.55437463610383,20.409663756076526,,,,,,
359,True,8845,16.046278500094214,141929.3333333333,412.8929779537171,20.31976815698735,127.0,42.333333333333336,16.043306196291272,425661.0,412.58289013947166,20.312136523258
360,False,4038,25.673518243354795,103669.66666666666,978.5637910394971,31.282004268260962,,,,,,
361,False,5214,15.559966756169288,81129.66666666667,359.8126998582478,18.968729526730243,,,,,,
362,False,3924,24.844291539245667,97489.0,1042.7432540257762,32.29153533088472,,,,,,
363,False,2225,26.601797752808988,59189.0,1084.7358169928038,32.93532779543577,,,,,,
364,False,1472,16.225317028985508,23883.666666666668,369.3865057871738,19.219430423068573,,,,,,
365,False,4235,17.147422274695003,72619.33333333334,526.109160021999,22.93706956047348,,,,,,
366,True,3246,23.97401930581228,77819.66666666666,911.8182816681425,30.196328943567668,212.0,70.66666666666667,23.959630200308165,233247.0,909.3429003254978,30.15531297011354
367,False,4969,23.97316696853827,119122.66666666666,837.4407504385467,28.938568562362352,,,,,,
368,False,4507,30.742400710006656,138556.0,1601.0099683213487,40.01262261238757,,,,,,
369,False,2100,29.664285714285715,62295.0,1271.8226927437643,35.66262318932476,,,,,,
370,False,2404,25.395729339988907,61051.333333333336,1211.2962546399988,34.80368162479365,,,,,,
371,False,2395,28.95935977731385,69357.66666666667,1649.2626489986046,40.61111484555188,,,,,,
372,True,2054,16.286595261278805,33452.666666666664,456.502413626839,21.365917102404918,119.0,39.666666666666664,16.27520701412567,100239.0,455.40291023072854,21.340171279320337
373,False,3135,20.327910685805424,63728.00000000001,583.5573336996254,24.156931380033047,,,,,,
374,True,3579,24.539163639750395,87825.66666666667,968.6204509350362,31.122667799130525,172.0,57.333333333333336,24.52999813676169,263305.0,967.3439389416773,31.102153284646985
375,False,1606,12.500622665006226,20076.0,222.01380201992635,14.900127584015056,,,,,,
376,False,4490,28.42769116555308,127640.33333333334,1176.7432124124164,34.3036909444511,,,,,,
377,False,3981,19.009126685087498,75675.33333333333,587.9162693788267,24.24698474818728,,,,,,
378,False,1655,24.92366565961732,41248.666666666664,946.7412022729096,30.7691599214686,,,,,,
379,False,3269,16.322932599163863,53359.66666666667,435.2126310246199,20.861750430503665,,,,,,
380,False,3439,23.14577881167006,79598.33333333333,754.0983569513666,27.460851351539823,,,,,,
381,False,5427,22.920459431238868,124389.33333333334,782.7126094812024,27.97700143834579,,,,,,
382,False,5227,25.506791658695235,133324.0,1162.8491503531884,34.10057404726771,,,,,,
383,False,3460,27.719075144508672,95908.0,1286.267516678361,35.8645718875656,,,,,,
384,False,4248,20.554535467671062,87315.66666666667,667.2570698250132,25.83131955253183,,,,,,
385,False,2155,15.792266047950502,34032.33333333333,355.6334127304559,18.85824521874864,,,,,,
386,True,4531,22.184727433237697,100519.0,811.8591296560833,28.4931418003716,157.0,52.333333333333336,22.178072111846948,301400.0,811.0143536048073,28.478313742298845
387,False,2825,22.95386430678466,64844.666666666664,889.183594211676,29.819181648926516,,,,,,
388,False,3987,22.979516762812473,91619.33333333333,847.660729170378,29.114613670292414,,,,,,
389,False,2212,30.629445449065702,67752.33333333333,1356.0927978238778,36.8251652789757,,,,,,
390,False,3305,18.973474533535047,62707.33333333333,587.2365127385093,24.23296335033149,,,,,,
391,False,4855,26.111706144867835,126772.33333333334,1134.8007726812427,33.68680413279424,,,,,,
392,False,3764,28.36592277718739,106769.33333333333,1120.322529851635,33.471219425823655,,,,,,
393,False,3876,16.38863089095287,63522.33333333333,433.8659078950624,20.829448093866105,,,,,,
394,False,3555,23.961462728551336,85183.0,938.185200298306,30.62980901504784,,,,,,
395,False,3348,14.601851851851851,48887.0,301.721705053321,17.370138314167825,,,,,,
396,False,960,14.563194444444445,13980.666666666668,298.46475646219136,17.27613256669997,,,,,,
397,True,4704,25.048681972789115,117829.0,935.8281997934166,30.59130921999607,150.0,50.0,25.04337656814799,353337.0,935.1684352923872,30.580523790353677
398,False,3356,26.83978943186333,90074.33333333334,1205.5024414336112,34.72034621707582,,,,,,
399,False,2338,10.842743085258055,25350.333333333332,170.7504342205645,13.067150960349563,,,,,,
400,True,5369,20.78021978021978,111569.0,781.755632831811,27.959893290780116,233.0,77.66666666666667,20.769622454048683,334474.0,779.7637418842847,27.924250068431288
401,False,4838,25.562215791649443,123670.0,945.2608735800014,30.74509511418043,,,,,,
402,False,3880,33.47903780068729,129898.66666666667,1866.465539967643,43.20261033742803,,,,,,
403,False,5569,18.337882324774046,102123.66666666666,542.1152603266087,23.283368749530396,,,,,,
404,False,893,10.751026502426278,9600.666666666666,175.8704496741763,13.26161565097467,,,,,,
405,False,3803,30.71022876676308,116791.0,1424.1880985452642,37.73841674666896,,,,,,
406,False,2426,13.927864798021435,33789.0,284.9039748583349,16.879098757289587,,,,,,
407,False,2235,20.69455630126771,46252.33333333333,696.6989487404917,26.395055384304307,,,,,,
408,False,3205,28.377223088923557,90949.0,1114.4335737760243,33.38313307309583,,,,,,
409,True,4805,20.65952133194589,99269.0,715.3055102807625,26.745196022477803,144.0,48.0,20.65383014154871,297663.0,714.6391866899935,26.732736236494638
410,False,1580,22.567510548523206,35656.666666666664,750.4087334650786,27.393589276782965,,,,,,
411,False,2646,26.406273620559336,69871.0,1119.7405854842145,33.46252509127508,,,,,,
412,False,2994,19.597305722556225,58674.333333333336,712.2403089288003,26.68783072729592,,,,,,
413,False,4764,15.77595857822558,75156.66666666667,380.171188032989,19.49797907561163,,,,,,
414,False,2325,13.974623655913978,32491.0,282.3544814891895,16.803406841744607,,,,,,
415,False,5643,26.66448106798984,150467.66666666666,1347.3099564337044,36.70572103138289,,,,,,
416,True,3997,26.447001918105247,105708.66666666667,1020.8077783103125,31.950082602558517,136.0,45.333333333333336,26.442275608942275,316990.0,1020.2656869136961,31.941598064494144
417,False,7141,24.351024599729264,173890.6666666667,977.5697285632281,31.266111503722815,,,,,,
418,True,4100,25.76219512195122,105625.0,1027.2497090025777,32.05073648143795,188.0,62.666666666666664,25.75319183540701,316687.0,1025.8690686525542,32.02919088351366
419,False,3570,19.095051353874883,68169.33333333333,512.9876038955888,22.649229653469206,,,,,,
420,False,3548,27.76164975573093,98498.33333333333,1152.951550679283,33.95514026887951,,,,,,
421,False,2905,24.10338496844521,70020.33333333333,813.4769764937959,28.521517780332026,,,,,,
422,False,1339,20.355738113019665,27256.333333333332,575.9314538801332,23.998571913347952,,,,,,
423,False,5903,24.65396126263482,145532.33333333334,904.1973840768776,30.06987502596041,,,,,,
424,False,1748,24.153127383676583,42219.666666666664,854.9412735909434,29.239378816776245,,,,,,
425,False,2860,38.372727272727275,109746.0,2203.516086035177,46.94162423729261,,,,,,
426,False,4274,25.902277335829044,110706.33333333333,1095.3578656607233,33.096191105030854,,,,,,
427,False,897,8.486807878112225,7612.666666666666,106.8183878408298,10.33529814958571,,,,,,
428,False,3825,15.882178649237472,60749.33333333333,404.5687760813742,20.113895099691014,,,,,,
429,True,2884,19.606218215441515,56544.33333333333,659.763220695794,25.685856432982607,124.0,41.333333333333336,19.598681928546654,169509.0,659.0211614029351,25.671407468289214
430,False,4235,23.57504919323101,99840.33333333333,897.0481456587372,29.950762021336573,,,,,,
431,False,4601,26.935303919437803,123929.33333333333,1159.8670742882025,34.056821259304314,,,,,,
432,False,3884,20.240387916237555,78613.66666666667,583.5500921255251,24.156781493516995,,,,,,
433,False,2659,20.372445781622165,54170.333333333336,580.0151013642724,24.083502680554428,,,,,,
434,True,4071,17.445017604192255,71018.66666666667,521.1276778286428,22.828221083313583,187.0,62.333333333333336,17.433988533988533,212869.0,519.4690659097785,22.79186402885421
435,False,3300,25.993737373737375,85779.33333333334,1220.9462234057748,34.94204091643439,,,,,,
436,False,4414,22.05240900166138,97339.33333333334,845.9955919160889,29.08600336787591,,,,,,
437,True,3614,23.328260468548237,84308.33333333333,806.4590224121414,28.3982221699201,159.0,53.0,23.320047974905435,252766.0,805.3743660462269,28.37911848606695
438,False,2328,26.008018327605956,60546.666666666664,949.4721579286448,30.813506096006744,,,,,,
439,True,3530,27.441643059490087,96869.0,1175.8535821917624,34.290721517514946,178.0,59.333333333333336,27.432606026258618,290429.0,1174.5516826673972,34.27173299772565
440,False,2945,17.24538766270515,50787.666666666664,518.2834181717324,22.765838841820266,,,,,,
441,False,3599,40.37825321848662,145321.33333333334,2669.615746397675,51.66832440091003,,,,,,
442,True,4973,13.725919967826261,68259.0,300.0366168475395,17.321565080775454,110.0,36.666666666666664,13.721305980155538,204667.0,299.61936638237506,17.309516642077995
443,False,3147,23.58870882321788,74233.66666666666,787.0831433492802,28.05500210923678,,,,,,
444,False,2000,22.158166666666666,44316.333333333336,718.1471499722222,26.79826766737399,,,,,,
445,False,2539,17.88972036234738,45421.99999999999,452.8230753714549,21.279639925794207,,,,,,
446,False,5178,23.194862881421397,120103.0,808.2811349335611,28.43028552325075,,,,,,
447,False,3222,17.11173184357542,55134.0,449.6728046357272,21.205489964528695,,,,,,
448,False,5339,18.723231566460637,99963.33333333334,578.5129603255365,24.052296362832728,,,,,,
449,False,5532,18.63123644251627,103068.0,515.1293785869003,22.696461807667298,,,,,,
450,False,2795,17.28372093023256,48308.0,486.8679818612971,22.065085131521634,,,,,,
451,False,8053,13.064448031789395,105208.0,272.8490688527879,16.518143626109683,,,,,,
452,False,3721,27.126578876646064,100938.0,1143.4519523467975,33.814966395766206,,,,,,
453,False,2348,16.931856899488928,39756.0,463.64186418395155,21.532344604895016,,,,,,
454,False,2950,19.46406779661017,57419.0,606.1201213061381,24.6195069265438,,,,,,
455,False,4455,28.021848110737,124837.33333333334,1440.5867280472626,37.955061955518694,,,,,,
456,False,3958,29.818426814889676,118021.33333333334,1463.3626855493435,38.2539237928522,,,,,,
457,False,1262,24.78578975171685,31279.666666666668,953.6643622526789,30.88145660833826,,,,,,
458,True,2415,19.8743961352657,47996.66666666667,610.7795307775144,24.713954171227122,114.0,38.0,19.866887600110466,143876.0,610.0866721411912,24.699932634345206
459,False,4740,17.848663853727146,84602.66666666667,505.30269512047965,22.47893892336735,,,,,,
460,False,1975,19.104135021097047,37730.66666666667,522.5908436610943,22.8602459230231,,,,,,
461,False,2052,14.018680961663417,28766.333333333332,294.49299085273043,17.16079808321077,,,,,,
462,False,3270,22.53302752293578,73683.0,739.7139448606083,27.197682711227593,,,,,,
463,False,3399,19.238011179758754,65390.00000000001,532.46889740774,23.075287591008266,,,,,,
464,True,4145,20.249457177322075,83934.0,686.7692950410895,26.20628350302823,143.0,47.666666666666664,20.242841055341056,251659.0,686.0015977199104,26.19163220801465
465,True,5753,20.48368966915812,117842.66666666667,702.5774470503427,26.506177526198353,165.0,55.0,20.477688919796012,353363.0,701.7767391188063,26.49106904446867
466,False,2253,13.143364403018198,29612.0,245.79169698083675,15.677745277329796,,,,,,
467,False,2728,23.09543010752688,63004.33333333333,868.8678481287905,29.47656438815064,,,,,,
468,False,3421,16.488161356328558,56405.99999999999,387.9047365882094,19.6952973216504,,,,,,
469,False,1628,18.806511056511056,30617.0,499.93942525561073,22.359325241509655,,,,,,
470,False,2693,15.768659487560342,42465.0,365.4049541505446,19.11556837110905,,,,,,
471,True,2657,18.40333709697654,48897.666666666664,536.5078749508493,23.162639636942274,141.0,47.0,18.3925702811245,146552.0,535.2675753213658,23.13585043436627
472,False,1185,12.720112517580873,15073.333333333334,230.50140983262813,15.182272880982877,,,,,,
473,True,3741,20.661944221687605,77296.33333333333,648.0293519003014,25.456420641957923,160.0,53.333333333333336,20.653208556149732,231729.0,646.8735859618519,25.433709638231146
474,False,2792,18.790353390639922,52462.666666666664,535.2050931893463,23.134500063527334,,,,,,
475,False,5484,15.76057622173596,86431.0,387.4369018804655,19.68341692594214,,,,,,
476,False,944,13.615819209039548,12853.333333333334,280.0713316735293,16.735331836373287,,,,,,
477,False,1881,13.094630515683146,24631.0,245.713178682372,15.675240944954307,,,,,,
478,False,6397,12.985930905111772,83071.0,246.7903809777698,15.709563360506548,,,,,,
479,False,2509,19.264647269828618,48335.0,534.8163707504319,23.12609717938658,,,,,,
480,False,4171,19.77319587628866,82474.0,590.4149548387204,24.298455811814883,,,,,,
481,True,4551,24.99831538855929,113767.33333333333,1032.0705311106672,32.12585455844976,224.0,74.66666666666667,24.98739926739927,341078.0,1030.083797265494,32.09491855832468
482,False,1607,22.502800248911015,36162.0,716.1823713330512,26.76158387190585,,,,,,
483,False,6083,23.05742780426325,140258.33333333334,817.5830903425465,28.59340991107123,,,,,,
484,False,1973,12.926001013684743,25503.0,242.02932732623648,15.557291773513683,,,,,,
485,False,4036,19.87471093491906,80214.33333333333,581.5925781704883,24.116230596228927,,,,,,
486,False,3845,28.685045513654096,110294.0,1381.5095596316519,37.16866367831445,,,,,,
487,True,3107,20.885527303937344,64891.33333333333,678.0183303973073,26.038785117537785,123.0,41.0,20.879051298561922,194551.0,677.3716130943851,26.026363808538164
488,True,5603,19.917841632458803,111599.66666666667,652.6792515494335,25.547587979091755,166.0,55.333333333333336,19.9115196953469,334633.0,651.8262185997252,25.53088754038381
489,False,4215,22.059232898378806,92979.66666666667,700.6985080711042,26.470710380930548,,,,,,
490,True,5190,17.84534360950546,92617.33333333333,596.4449317541226,24.422222088788782,189.0,63.0,17.836641613669943,277663.0,595.1276148020532,24.395237543464365
491,False,4866,23.42656528291547,113993.66666666667,847.2541976971698,29.10763126221661,,,,,,
492,False,2550,16.914248366013073,43131.333333333336,418.9424505788373,20.468083705585077,,,,,,
493,True,5208,22.962365591397848,119588.0,872.9759262012124,29.546166015258432,199.0,66.33333333333333,22.95403623327572,358565.0,871.6299211328015,29.52337922956655
494,False,4449,20.76339252266427,92376.33333333333,665.4357378876582,25.796041128197526,,,,,,
495,False,4501,18.530844997407982,83407.33333333333,524.8881658193424,22.910437922906283,,,,,,
496,False,830,10.412449799196787,8642.333333333334,159.78611006274096,12.640653071053764,,,,,,
497,True,5273,17.702825715911246,93347.0,528.631644458594,22.991990876359402,131.0,43.666666666666664,17.69790085988872,279910.0,528.113339043282,22.980716678190916
498,False,2252,24.08126110124334,54231.0,869.5876831935193,29.48877215472898,,,,,,
499,False,4318,20.79365446966188,89787.0,660.1795150839437,25.693958727372934,,,,,,
500,False,4336,27.794664821648215,120517.66666666666,1175.9625268864256,34.29231002552067,,,,,,
501,False,4706,30.746777163904234,144694.3333333333,1577.230041674526,39.71435561197646,,,,,,
502,True,2929,23.273585979287585,68168.33333333334,859.9927505753719,29.325632995305863,139.0,46.333333333333336,23.26571038251366,204366.0,859.1106366082893,29.31058915491617
503,False,1757,18.779927907417946,32996.33333333333,492.1568424155957,22.18460823218647,,,,,,
504,False,4932,24.670992160043255,121677.33333333333,1066.9478500834746,32.66416767780062,,,,,,
505,False,3672,30.55128903413217,112184.33333333333,1550.1126562904606,39.37147008038258,,,,,,
506,True,4099,25.302268846060013,103714.0,1015.1748773440021,31.861809072053678,135.0,45.0,25.297462176671548,311007.0,1014.6493558500011,31.853561117244038
507,False,2163,19.339651718292494,41831.666666666664,608.1931588246083,24.661572513215948,,,,,,
508,False,2400,26.47,63528.0,982.996877777778,31.352781021430587,,,,,,
509,True,4910,15.79429735234216,77550.0,427.3176321098165,20.6716625386014,165.0,55.0,15.786310857608473,232485.0,426.2529042078424,20.64589315597275
510,False,1451,9.763151849299334,14166.333333333334,138.52809776168795,11.769795994905262,,,,,,
511,True,5898,16.663840850005652,98283.33333333334,481.3361888423099,21.939375306564905,120.0,40.0,16.659883556610705,294730.0,480.950569179816,21.930585244808583
512,False,6931,20.695811090270766,143442.6666666667,640.6130430984448,25.310334709332565,,,,,,
513,False,2869,35.675496688741724,102353.0,2021.2355829268795,44.958153686810576,,,,,,
514,False,6068,15.55789936277741,94405.33333333333,393.56020512368895,19.838351875185825,,,,,,
515,False,1409,14.958362905133665,21076.333333333336,324.60105793028237,18.016688317509473,,,,,,
516,False,5012,26.525272678903963,132944.66666666666,1121.7109202169472,33.491953066624035,,,,,,
517,False,2615,16.147864882090502,42226.666666666664,373.2691493609655,19.32017467211323,,,,,,
518,False,1127,16.9597752144336,19113.666666666664,402.878003380409,20.0718211276508,,,,,,
519,False,2941,11.927575654539272,35079.0,205.53674723373575,14.336552836499287,,,,,,
520,False,3297,23.115458497624104,76211.66666666667,786.1231570514319,28.037887884992905,,,,,,
521,True,5822,17.78415206687278,103539.33333333333,559.6366800235951,23.65664135129066,176.0,58.666666666666664,17.777128786577336,310442.0,558.635892185613,23.635479520957745
522,False,4762,18.786714265714686,89462.33333333333,534.8308216693009,23.126409614752156,,,,,,
523,False,1800,15.259444444444444,27467.0,333.12954043209874,18.25183663175021,,,,,,
524,False,2878,20.58362288626361,59239.666666666664,598.7834288019593,24.47005167141989,,,,,,
525,False,2943,26.165137614678898,77004.0,978.1009434089704,31.274605407726096,,,,,,
526,False,3394,23.19829110194461,78735.0,978.8018709747764,31.285809418565094,,,,,,
527,False,2186,15.706312900274474,34334.0,371.39499216924804,19.27161104239207,,,,,,
528,True,4586,15.471216746620149,70951.0,402.1180478144833,20.052881284605544,104.0,34.666666666666664,15.467030170846964,212749.0,401.761671987094,20.043993414165104
529,False,3596,12.746014089729329,45834.666666666664,268.8485426961307,16.39660155935158,,,,,,
530,False,4712,19.10950764006791,90044.0,651.3564291293983,25.52168546803675,,,,,,
531,True,4437,17.571106603560963,77963.0,543.5017990834444,23.31312503898704,192.0,64.0,17.56064021641118,233697.0,541.8757186162726,23.27822412935043
532,True,5113,22.781863224460526,116483.66666666667,891.6319260935553,29.86020639737032,132.0,44.0,22.777712571726656,349319.0,891.202870511021,29.853021128706906
533,False,5090,25.039161755075312,127449.33333333334,1048.601871726946,32.382122718051484,,,,,,
534,False,3615,25.077178423236514,90654.0,892.4223514670124,29.873438895899017,,,,,,
535,False,3827,14.39482623464855,55089.0,359.4039937878528,18.957953312207856,,,,,,
536,True,5365,14.0636843740292,75451.66666666666,327.3288427161616,18.092231557112065,163.0,54.333333333333336,14.056176982351479,226192.0,326.3422331598281,18.064944870102096
537,False,4973,21.557275956833568,107204.33333333333,734.1818357594266,27.095790000651885,,,,,,
538,False,3155,21.809508716323297,68809.0,766.2575324052331,27.681357127229745,,,,,,
539,True,6839,18.742116293805136,128177.33333333333,517.9512861193411,22.758543145802218,244.0,40.666666666666664,18.735702793622934,384288.0,517.2881012551426,22.74396845880557
540,False,2079,10.111431778098444,21021.666666666664,167.95407325865347,12.959709613207137,,,,,,
541,False,3712,31.65678879310345,117510.0,1724.1083195732078,41.52238335612743,,,,,,
542,False,3620,20.79198895027624,75267.0,683.397523300062,26.14187298760481,,,,,,
543,False,1996,18.322645290581164,36572.0,568.0876167833328,23.834588664026338,,,,,,
544,False,2806,17.224518888096934,48332.0,488.04723916625045,22.09179121679024,,,,,,
545,False,4664,30.87814465408805,144015.66666666666,1661.2184989018886,40.75804827149956,,,,,,
546,False,6183,15.29289988678635,94556.0,380.3677651040535,19.50301938429159,,,,,,
547,False,2884,28.25947757743874,81500.33333333333,1388.098991312835,37.25720052973432,,,,,,
548,False,1554,24.54676104676105,38145.66666666667,907.8531330098253,30.130601271959797,,,,,,
549,False,6606,14.610455141790291,96516.66666666667,335.7422905285408,18.32327182924875,,,,,,
550,False,5806,13.784648065219887,80033.66666666667,330.67075524702267,18.184354683271625,,,,,,
551,False,3930,13.523833757421544,53148.666666666664,296.13628521748643,17.208610786971924,,,,,,
552,False,4046,13.288762563849069,53766.333333333336,258.2698045158765,16.070774857357577,,,,,,
553,False,1887,9.954954954954955,18785.0,144.47509512692343,12.0197793293772,,,,,,
554,False,3350,11.707263681592039,39219.33333333333,219.40505171654166,14.812327694070964,,,,,,
555,False,3466,16.177053279476823,56069.66666666667,432.0127952406697,20.78491749419924,,,,,,
556,True,4808,22.00103993344426,105781.0,767.5879772879229,27.705378129307725,207.0,69.0,21.991262741834824,317136.0,765.9382081066133,27.675588667752187
557,False,5329,19.23406517795709,102498.33333333333,647.0006960720638,25.43620836665842,,,,,,
558,False,3007,11.750138565569227,35332.666666666664,247.1527338794804,15.721092006584033,,,,,,
559,False,6297,16.13847864062252,101624.0,446.57253400434763,21.132262869942434,,,,,,
560,False,1103,11.642490178301601,12841.666666666666,195.96194194044455,13.998640717599853,,,,,,
561,False,5589,18.537901830977514,103608.33333333333,620.5326929913767,24.91049363202939,,,,,,
562,False,3744,16.233262108262107,60777.33333333333,452.74562440138465,21.27782001055053,,,,,,
563,False,2880,17.575462962962963,50617.333333333336,504.26791645233214,22.455910501521245,,,,,,
564,False,3434,14.680547466511356,50413.0,324.0067639014065,18.000187885169602,,,,,,
565,False,2259,10.539176626826029,23808.0,160.76373743626647,12.679264073133995,,,,,,
566,False,4071,19.19012527634488,78123.0,682.5622311560081,26.1258919686201,,,,,,
567,True,2437,17.906305566953904,43637.666666666664,542.5885404614093,23.293530012890045,115.0,38.333333333333336,17.89792008757526,130798.0,541.8204499706255,23.277036967161983
568,False,5269,11.833238438666413,62349.33333333333,235.26490899755328,15.338347661907827,,,,,,
569,False,758,12.18381706244503,9235.333333333332,215.61880583460774,14.68396424112398,,,,,,
570,False,7973,12.263514360968268,97777.0,254.22785521898146,15.944524302059985,,,,,,
571,False,6291,18.395273671382398,115724.66666666667,628.632928438059,25.072553289165803,,,,,,
572,True,3090,15.298597626752967,47272.666666666664,396.6625115177074,19.916388013836933,122.0,40.666666666666664,15.29038523794108,141696.0,395.8581604968923,19.89618457134162
573,False,4148,19.092896174863387,79197.33333333333,624.2496473820202,24.984988440702153,,,,,,
574,True,1799,21.45840281637947,38603.666666666664,744.68073215347,27.288838966754707,158.0,52.666666666666664,21.441045606229142,115653.0,742.4467468488656,27.247876006192953
575,True,3963,13.355370510555977,52927.333333333336,297.50269657607043,17.24826648031826,212.0,35.333333333333336,13.344273331650257,158570.0,296.53644515696527,17.220233597630585
576,True,4027,13.00852578428938,52385.333333333336,324.3849119977004,18.01068882629702,152.0,50.666666666666664,12.999172048352376,157004.0,323.2372902567051,17.978801135134262
577,False,4506,12.672362775558515,57101.66666666667,285.2276886176172,16.88868522465906,,,,,,
578,False,4735,25.333474128827877,119954.0,1121.0238178846705,33.48169377263746,,,,,,
579,True,4390,13.760895975702354,60410.333333333336,349.8033455905457,18.70303038522222,119.0,39.666666666666664,13.75499354446723,181112.0,349.2363947121175,18.68786758065557
580,False,3614,18.87151817007932,68201.66666666666,602.628115182708,24.548484987524343,,,,,,
581,False,3532,14.513495658739147,51261.66666666667,358.0739024274066,18.922840759975934,,,,,,
582,False,3841,24.734444155167925,95005.0,1158.8106742267478,34.04130835068987,,,,,,
583,False,4788,16.33611807296018,78217.33333333334,505.2288514302248,22.47729635499396,,,,,,
584,False,3771,26.1027136922125,98433.33333333334,1284.5882300618448,35.84115274460135,,,,,,
585,False,3392,15.837362421383649,53720.333333333336,473.7037966595313,21.764737459007662,,,,,,
586,False,4024,20.362657388999338,81939.33333333334,769.0257029449106,27.73131267980134,,,,,,
587,False,2468,10.5602377093463,26062.666666666668,169.5081218235591,13.019528479309805,,,,,,
588,False,4978,11.69586179188429,58222.0,235.12191002134315,15.333685467667033,,,,,,
589,False,5655,18.01025641025641,101848.0,551.7070566097622,23.488445172249314,,,,,,
590,False,4985,12.931862253426948,64465.333333333336,268.9486838940984,16.399654993142338,,,,,,
591,False,2896,12.188075506445673,35296.666666666664,268.1773347861957,16.376120871140262,,,,,,
592,False,5286,11.353890780678523,60016.66666666667,211.2527408840227,14.534536142719611,,,,,,
593,False,5616,18.694385090218425,104987.66666666667,655.4290947785812,25.601349471826307,,,,,,
594,True,2953,14.21887346201603,41988.333333333336,384.41998017351295,19.606631025587056,124.0,41.333333333333336,14.20968834688347,125841.0,383.51282844849106,19.58348356264766
595,False,3210,12.141017653167186,38972.666666666664,249.17845254693657,15.785387310640704,,,,,,
596,False,2801,10.098655242175413,28286.333333333332,155.83758357779797,12.483492443134573,,,,,,
597,False,981,6.779816513761468,6651.0,69.28960961634981,8.32403805952074,,,,,,
598,True,3210,11.612980269989615,37277.666666666664,237.86215757697315,15.422780474900534,90.0,30.0,11.607250441466709,111743.0,237.45050523726866,15.409429101601027
599,False,4871,16.46588653938274,80205.33333333333,483.15857417641024,21.98086836720538,,,,,,
600,False,4460,20.75067264573991,92548.0,695.6995698016584,26.376117413327883,,,,,,
601,False,5281,16.661743356687495,87990.66666666666,516.5011855487274,22.72666243751439,,,,,,
602,False,2488,14.79943729903537,36821.0,378.5496727809025,19.456353018510494,,,,,,
603,False,3836,29.60384080639555,113560.33333333333,1542.912661647233,39.2799269557268,,,,,,
604,False,3126,15.49317551716784,48431.66666666667,407.77885084592646,20.19353487742863,,,,,,
605,False,1871,10.220381257794406,19122.333333333332,179.9516102590608,13.414604364611757,,,,,,
606,False,4186,13.422838031533683,56187.99999999999,289.02060280717916,17.00060595411761,,,,,,
607,False,2429,13.520378756689995,32841.0,289.07626235139725,17.00224286238134,,,,,,
608,False,2023,13.247816773768331,26800.333333333336,258.76969576079296,16.086320143550324,,,,,,
609,False,4648,17.577165806081467,81698.66666666666,594.180075271992,24.375809222915905,,,,,,
610,True,4933,15.335563213730657,75650.33333333333,416.2380967011699,20.401914045039252,149.0,49.666666666666664,15.32860232495269,226802.0,415.40188804380097,20.38141035462956
611,False,2676,11.06228201295466,29602.666666666668,201.91266305350302,14.209597568316388,,,,,,
612,False,4721,16.422579961872486,77531.00000000001,453.14522763031795,21.287208075046337,,,,,,
613,True,3678,13.724850462207721,50480.0,338.12802664521143,18.38825784693078,132.0,44.0,13.716616807179767,151308.0,337.2541151427108,18.364479713368162
614,False,4517,11.732123090546823,52994.0,217.30865669092213,14.741392630647965,,,,,,
615,False,1293,6.581077597318896,8509.333333333332,67.53241843146255,8.217811048659037,,,,,,
616,False,2737,20.345877481427355,55686.66666666667,761.6872132447627,27.59868136786181,,,,,,
617,False,1905,8.791251093613297,16747.333333333332,138.34784996582337,11.76213628410347,,,,,,
618,True,4206,13.72364875574576,57721.666666666664,357.0505122215316,18.895780275541192,170.0,56.666666666666664,13.713436385255648,172995.0,355.6655626264526,18.859097609017578
619,False,3130,12.593397231096912,39417.333333333336,306.25320453975803,17.50009155803929,,,,,,
620,False,3185,9.524018838304553,30334.0,139.86554031152372,11.826476242377682,,,,,,
621,False,3802,17.199456426442225,65392.33333333334,444.36605616603924,21.079991844543944,,,,,,
622,False,2020,17.31897689768977,34984.333333333336,548.7017190852749,23.42438300329968,,,,,,
623,False,1494,21.57362784471218,32231.0,849.1040166914871,29.13938943580471,,,,,,
